fecha,especie,LST_Day,LST_Night,LST,mes
2020-01-01,estepa,36.28063931297713,11.2422201017812,23.761429707379165,1
2020-01-01,pino,30.976251290877833,11.76168674698798,21.36896901893291,1
2020-01-09,estepa,33.10719465648858,7.384290712468218,20.2457426844784,1
2020-01-09,pino,26.849177280550812,7.588929432013802,17.219053356282306,1
2020-01-17,estepa,40.12659669211199,12.101199109414784,26.113897900763387,1
2020-01-17,pino,33.92478829604135,13.11569707401036,23.520242685025856,1
2020-01-25,estepa,34.90434796437661,8.87106234096695,21.88770515267178,1
2020-01-25,pino,28.310402753872665,9.221731497418276,18.76606712564547,1
2020-02-02,estepa,34.40069338422394,8.121886132315552,21.261289758269747,2
2020-02-02,pino,27.574299483648915,8.396089500860619,17.985194492254767,2
2020-02-10,estepa,30.593727735368986,9.75958333333336,20.176655534351173,2
2020-02-10,pino,25.033514629948403,9.951060240963887,17.492287435456145,2
2020-02-18,estepa,31.54195610687026,7.80770674300257,19.674831424936414,2
2020-02-18,pino,25.95597934595528,8.423232358003476,17.18960585197938,2
2020-02-26,estepa,36.649758269720124,10.89747773536898,23.773618002544552,2
2020-02-26,pino,31.03708777969022,12.16144234079177,21.599265060240995,2
2020-03-05,estepa,30.742659033078912,8.705063613231584,19.723861323155248,3
2020-03-05,pino,25.520392426850293,9.55894664371776,17.539669535284027,3
2020-03-13,estepa,28.569933206106903,5.640340330788833,17.105136768447867,3
2020-03-13,pino,23.15381411359728,6.618134251290908,14.885974182444095,3
2020-03-21,estepa,26.16355597964379,7.52828244274812,16.845919211195955,3
2020-03-21,pino,22.761611015490566,8.743514629948393,15.75256282271948,3
2020-03-29,estepa,24.942849872773564,4.014068066157788,14.478458969465676,3
2020-03-29,pino,19.995776247848568,5.10798278829607,12.551879518072319,3
2020-04-06,estepa,22.95680343511454,2.0482379134860276,12.502520674300284,4
2020-04-06,pino,18.315986230636867,3.5664475043029595,10.941216867469914,4
2020-04-14,estepa,16.752584758853583,4.350890585241757,10.55173767204767,4
2020-04-14,pino,14.033126814909796,4.433954388984541,9.233540601947169,4
2020-04-22,estepa,15.613428753180695,2.1476972010178415,8.880562977099268,4
2020-04-22,pino,13.183432013769393,3.0884922547332483,8.13596213425132,4
2020-04-30,estepa,15.99475190839698,0.9556838422392117,8.475217875318096,4
2020-04-30,pino,12.581480206540485,1.9412185886403028,7.2613493975903936,4
2020-05-08,estepa,8.35180025445296,1.2831543132237442,4.817477283838352,5
2020-05-08,pino,6.660394938763891,1.1930887894435132,3.926741864103702,5
2020-05-16,estepa,9.709891141654175,3.6419306615776392,6.675910901615907,5
2020-05-16,pino,8.557053356282303,3.731621342512935,6.1443373493976186,5
2020-05-24,estepa,11.33934160305347,1.2226113231552478,6.280976463104358,5
2020-05-24,pino,10.102777969018955,2.967432013769396,6.535104991394176,5
2020-06-01,estepa,6.6091030534351365,-0.40415394402033045,3.102474554707403,6
2020-06-01,pino,5.183142857142892,0.07265748709124133,2.6279001721170667,6
2020-06-09,estepa,2.536437659033108,-2.4517907124681675,0.042323473282470214,6
2020-06-09,pino,2.139533238131955,-1.2969156626505733,0.4213087877406909,6
2020-06-17,estepa,1.540281277514599,-2.4278344983353177,-0.4437766104103593,6
2020-06-17,pino,0.8214436294008878,-2.820586796378031,-0.9995715834885717,6
2020-06-25,estepa,1.0465233853967673,-6.655980793817887,-2.80472870421056,6
2020-06-25,pino,0.6274189631336267,-6.244327022375179,-2.8084540296207763,6
2020-07-03,estepa,-1.1758110687022667,-6.7387563613231265,-3.9572837150126965,7
2020-07-03,pino,-1.9092943201376666,-5.932020654044723,-3.9206574870911948,7
2020-07-11,estepa,-0.39303025969901706,-5.3868129770992095,-2.8899216183991134,7
2020-07-11,pino,-0.610757446224586,-4.165938037865724,-2.3883477420451547,7
2020-07-19,estepa,-2.068399688763521,-8.680690203562309,-5.374544946162915,7
2020-07-19,pino,-1.588230636833023,-7.88256798623061,-4.7353993115318165,7
2020-07-27,estepa,2.711081424936413,-4.389653307888015,-0.8392859414758009,7
2020-07-27,pino,2.1275008605852257,-3.4344922547331946,-0.6534956970739845,7
2020-08-04,estepa,4.246166914097923,-1.7314472010177833,1.25735985654007,8
2020-08-04,pino,2.5477969323565084,-1.4990189328743257,0.5243889997410913,8
2020-08-12,estepa,4.0999872773537165,-4.402124681933813,-0.15106870229004832,8
2020-08-12,pino,2.229177280550806,-4.708454388984483,-1.2396385542168387,8
2020-08-20,estepa,10.13321882951657,-2.571752544529237,3.7807331424936668,8
2020-08-20,pino,9.11092598967301,-0.7146781411359457,4.198123924268533,8
2020-08-28,estepa,10.462515903307914,-2.624192111959262,3.9191618956743257,8
2020-08-28,pino,7.935215146299515,-1.8307538726333603,3.0522306368330776,8
2020-09-05,estepa,11.957420483460591,-1.0778848600508606,5.439767811704866,9
2020-09-05,pino,9.54269191049917,-0.8163201376936032,4.363185886402784,9
2020-09-13,estepa,16.496256361323184,-1.3609605597964112,7.567647900763387,9
2020-09-13,pino,12.391748709122236,-0.5208709122202826,5.935438898450977,9
2020-09-21,estepa,22.040709287531836,0.23420165394404985,11.137455470737944,9
2020-09-21,pino,16.935428571428602,1.6972495697074317,9.316339070568016,9
2020-09-29,estepa,18.54992366412216,-2.659780534351116,7.945071564885523,9
2020-09-29,pino,13.371714285714319,-2.2249707401032426,5.5733717728055385,9
2020-10-07,estepa,25.96140585241733,2.5008110687023226,14.231108460559826,10
2020-10-07,pino,20.951129087779723,2.725129087779726,11.838129087779725,10
2020-10-15,estepa,30.15775127226466,3.5237500000000286,16.840750636132345,10
2020-10-15,pino,24.496065404475075,5.174895008605883,14.83548020654048,10
2020-10-23,estepa,28.92262086513997,1.8242589058524414,15.373439885496206,10
2020-10-23,pino,22.470289156626535,2.5897590361446086,12.530024096385572,10
2020-10-31,estepa,34.47560750636135,5.582938931297738,20.029273218829545,10
2020-10-31,pino,27.089521514629993,6.831717728055108,16.960619621342552,10
2020-11-08,estepa,31.90611323155219,5.840750636132343,18.873431933842266,11
2020-11-08,pino,25.03753528399315,6.536382099827913,15.786958691910531,11
2020-11-16,estepa,33.028187022900795,7.14079198473285,20.084489503816823,11
2020-11-16,pino,26.944230636833083,7.837390705679889,17.390810671256485,11
2020-11-24,estepa,30.785187659033106,5.009767811704865,17.897477735368987,11
2020-11-24,pino,24.778020654044788,5.0069018932874645,14.892461273666125,11
2020-12-02,estepa,35.75736005089061,6.793196564885523,21.275278307888065,12
2020-12-02,pino,29.034574870912255,7.599676419965611,18.317125645438935,12
2020-12-10,estepa,32.26501908396949,4.318177480916062,18.291598282442777,12
2020-12-10,pino,24.84805851979349,4.365452667814144,14.606755593803816,12
2020-12-18,estepa,35.39689885496185,7.2180311704834885,21.307465012722666,12
2020-12-18,pino,28.451111876075764,7.478781411359754,17.96494664371776,12
2020-12-26,estepa,36.11192430025448,8.611720737913515,22.361822519083997,12
2020-12-26,pino,30.42535972461277,9.112258175559415,19.76880895008609,12
2021-01-01,estepa,37.94945928753184,9.176822519083995,23.563140903307918,1
2021-01-01,pino,30.923256454389005,9.619862306368361,20.271559380378683,1
2021-01-09,estepa,30.826269083969493,5.468492366412237,18.147380725190864,1
2021-01-09,pino,23.95091910499142,5.518175559380406,14.734547332185914,1
2021-01-17,estepa,42.32827608142497,12.56327290076339,27.445774491094177,1
2021-01-17,pino,34.996113597246165,13.21168674698798,24.103900172117072,1
2021-01-25,estepa,36.56360903722933,7.171005089058552,21.86730706314394,1
2021-01-25,pino,29.221848465734688,7.71608261617903,18.46896554095686,1
2021-02-02,estepa,37.60181297709927,11.82958333333336,24.715698155216316,2
2021-02-02,pino,32.32219277108438,13.07956970740106,22.70088123924272,2
2021-02-10,estepa,33.970470737913516,11.579567430025474,22.775019083969497,2
2021-02-10,pino,28.74493631669538,12.277683304647187,20.511309810671285,2
2021-02-18,estepa,33.28187022900765,7.258680025445319,20.270275127226483,2
2021-02-18,pino,27.250884681583507,8.333838209982826,17.792361445783165,2
2021-02-26,estepa,35.63918256997459,12.155082697201049,23.897132633587816,2
2021-02-26,pino,29.944981067125674,13.292547332185919,21.618764199655796,2
2021-03-06,estepa,32.62886450381682,8.857274173028015,20.74306933842242,3
2021-03-06,pino,28.896051635111906,9.596316695352872,19.24618416523239,3
2021-03-14,estepa,29.730998727735397,6.230664758269749,17.98083174300257,3
2021-03-14,pino,26.988323580034457,6.968805507745298,16.978564543889878,3
2021-03-22,estepa,29.184576972010206,4.710674300254482,16.947625636132344,3
2021-03-22,pino,25.970991394148054,6.198495697074042,16.084743545611047,3
2021-03-30,estepa,28.602340966921147,6.93255407124685,17.767447519083998,3
2021-03-30,pino,24.99882960413084,7.851965576592113,16.425397590361477,3
2021-04-07,estepa,23.440149491094175,3.669990458015296,13.555069974554735,4
2021-04-07,pino,20.20268502581759,4.804034423407949,12.50335972461277,4
2021-04-15,estepa,21.08661577608145,4.379736005089081,12.733175890585265,4
2021-04-15,pino,18.101652323580062,5.1262616179002025,11.613956970740132,4
2021-04-23,estepa,20.071743002544558,0.8920833333333597,10.48191316793896,4
2021-04-23,pino,16.77218588640278,2.8615697074010624,9.816877796901922,4
2021-05-01,estepa,11.655928753180683,-0.6757665394401764,5.490081106870253,5
2021-05-01,pino,9.962461273666122,0.05539759036147611,5.008929432013799,5
2021-05-09,estepa,13.627270992366444,-1.0898536895674016,6.268708651399521,5
2021-05-09,pino,11.536757314974214,0.19222719449228226,5.864492254733248,5
2021-05-17,estepa,8.365260814249392,-0.38363202802704377,3.990814393111174,5
2021-05-17,pino,7.563318416523265,0.7319586919105225,4.147638554216894,5
2021-05-25,estepa,7.779144192178768,1.4557729007633877,4.617458546471077,5
2021-05-25,pino,6.6474313775967815,1.2823889845094927,3.964910181053137,5
2021-06-02,estepa,3.6552649959956858,0.046494655741648655,1.8508798258686672,6
2021-06-02,pino,2.4310479425499514,0.336282271944952,1.3836651072474517,6
2021-06-10,estepa,4.205680661577638,-2.3391260362800312,0.9332773126488034,6
2021-06-10,pino,3.031466437177312,-2.7709495000776676,0.13025846854982226,6
2021-06-18,estepa,4.06667302798985,-2.544514624852437,0.7610792015687067,6
2021-06-18,pino,2.917339070568012,-2.2748559094656384,0.3212415805511868,6
2021-06-26,estepa,4.7457226609529,-2.8062627226462826,0.9697299691533088,6
2021-06-26,pino,3.613301204819307,-1.796212183976909,0.9085445104211991,6
2021-07-04,estepa,6.8442620865140205,-1.8654898218829223,2.4893861323155493,7
2021-07-04,pino,5.961036144578342,0.20878141135975337,3.084908777969048,7
2021-07-12,estepa,3.4512754452926457,-3.4730279898218575,-0.010876272264605857,7
2021-07-12,pino,3.423442340791761,-2.840444061962109,0.2914991394148261,7
2021-07-20,estepa,7.202070610687052,-2.955355285781894,2.123357662452579,7
2021-07-20,pino,5.611077452667844,-2.8843026147204305,1.363387418973707,7
2021-07-28,estepa,12.029583333333367,-1.40669529262084,5.311444020356263,7
2021-07-28,pino,10.403796901893319,0.1893218588640566,5.296559380378688,7
2021-08-05,estepa,11.847474554707407,-3.3358524173027724,4.255811068702317,8
2021-08-05,pino,9.44336660929435,-2.148970740103244,3.6471979345955527,8
2021-08-13,estepa,10.672608142493667,-2.372188295165364,4.150209923664152,8
2021-08-13,pino,8.033910499139447,-0.6509948364887874,3.6914578313253297,8
2021-08-21,estepa,0.8954419691709998,-5.934879134860024,-2.5197185828445123,8
2021-08-21,pino,-0.2553676712295807,-5.668523235800319,-2.96194545351495,8
2021-08-29,estepa,11.937185114503846,-0.0831806615775797,5.9270022264631335,8
2021-08-29,pino,10.156440619621373,0.7607848537005453,5.458612736660959,8
2021-09-06,estepa,13.968959923664153,-1.7692938931297428,6.099833015267205,9
2021-09-06,pino,10.849531841652357,-0.9632530120481657,4.943139414802096,9
2021-09-14,estepa,18.04625954198476,-1.1038517811704598,8.47120388040715,9
2021-09-14,pino,15.387817555938073,-0.5135352839930893,7.4371411359724915,9
2021-09-22,estepa,22.54553117048349,0.3462150127226735,11.445873091603081,9
2021-09-22,pino,19.623139414802097,1.7385232358003746,10.680831325301236,9
2021-09-30,estepa,21.282843511450405,-2.1186482188294864,9.582097646310459,9
2021-09-30,pino,17.565046471600716,-1.4867607573149497,8.039142857142883,9
2021-10-08,estepa,29.088396946564913,2.4025858778626237,15.745491412213768,10
2021-10-08,pino,25.436960413080932,3.4124061962134524,14.424683304647193,10
2021-10-16,estepa,29.1580438931298,3.3708683206107137,16.264456106870256,10
2021-10-16,pino,25.542271944922575,3.5692323580034753,14.555752151463025,10
2021-10-24,estepa,32.415559796437684,4.328870865139975,18.37221533078883,10
2021-10-24,pino,28.945466437177316,4.8746127366609535,16.910039586919133,10
2021-11-01,estepa,31.491071882951683,3.7685368956743246,17.629804389313005,11
2021-11-01,pino,28.27861617900176,4.12907745266784,16.2038468158348,11
2021-11-09,estepa,27.811418575063634,3.878727735368983,15.845073155216308,11
2021-11-09,pino,23.510578313253035,3.7392736660929753,13.624925989673006,11
2021-11-17,estepa,36.209376590330805,7.117239185750666,21.663307888040734,11
2021-11-17,pino,32.29069879518076,7.289277108433765,19.789987951807262,11
2021-11-25,estepa,33.862865776081456,5.452643129771021,19.657754452926238,11
2021-11-25,pino,30.374826161790047,5.426629948364916,17.90072805507748,11
2021-12-03,estepa,40.32228371501276,9.655197201017845,24.9887404580153,12
2021-12-03,pino,36.575366609294356,10.388065404475071,23.481716006884714,12
2021-12-11,estepa,37.59928117048349,6.016879770992395,21.808080470737945,12
2021-12-11,pino,34.06067125645443,6.13043373493979,20.09555249569711,12
2021-12-19,estepa,42.626237277353724,10.73709287531809,26.681665076335907,12
2021-12-19,pino,38.302323580034454,11.31400344234082,24.808163511187637,12
2021-12-27,estepa,37.56021946564888,8.874541984732858,23.217380725190868,12
2021-12-27,pino,35.21209294320141,9.364275387263369,22.28818416523239,12
2022-01-01,estepa,37.33162213740461,9.854382951653971,23.59300254452929,1
2022-01-01,pino,33.93340447504306,10.084223752151491,22.008814113597275,1
2022-01-09,estepa,38.77513994910944,11.44076653944023,25.10795324427483,1
2022-01-09,pino,35.10108777969023,11.720671256454418,23.410879518072324,1
2022-01-17,estepa,31.704427480916056,6.2408587228656645,18.97264310189086,1
2022-01-17,pino,27.453480206540476,5.932661320873139,16.693070763706807,1
2022-01-25,estepa,37.84992684478375,10.638823155216308,24.24437500000003,1
2022-01-25,pino,32.899500860585235,11.063975903614484,21.98173838209986,1
2022-02-02,estepa,37.395664758269746,10.39167938931301,23.89367207379138,2
2022-02-02,pino,32.885476764199694,11.054922547332218,21.970199655765956,2
2022-02-10,estepa,37.451364503816826,9.538043893129803,23.494704198473315,2
2022-02-10,pino,32.649917383821034,10.25750774526681,21.45371256454392,2
2022-02-18,estepa,34.04336195928756,8.431987913486036,21.237674936386796,2
2022-02-18,pino,28.5459690189329,8.126953528399348,18.336461273666124,2
2022-02-26,estepa,26.138040712468225,7.100531170483489,16.61928594147586,2
2022-02-26,pino,22.38888123924273,6.414884681583507,14.401882960413118,2
2022-03-06,estepa,28.30689567430028,5.8086482188295445,17.057771946564912,3
2022-03-06,pino,23.77573838209986,6.382278829604161,15.07900860585201,3
2022-03-14,estepa,29.180241730279928,7.181736641221404,18.180989185750665,3
2022-03-14,pino,24.927122203098143,7.851882960413112,16.38950258175563,3
2022-03-22,estepa,23.22951017811707,3.872506361323182,13.551008269720127,3
2022-03-22,pino,19.4078072289157,4.350168674698825,11.878987951807263,3
2022-03-30,estepa,19.67543893129774,0.4601176844783958,10.067778307888068,3
2022-03-30,pino,15.727710843373526,1.2348192771084658,8.481265060240997,3
2022-04-07,estepa,15.829605597964408,2.8557061068702625,9.342655852417336,4
2022-04-07,pino,12.988478485370086,3.6036798623064055,8.296079173838246,4
2022-04-15,estepa,15.700099878453319,3.6175445292621173,9.658822203857717,4
2022-04-15,pino,13.54004130808953,4.5909672977625124,9.065504302926021,4
2022-04-23,estepa,7.396351018884301,-0.7958110687022611,3.30026997509102,4
2022-04-23,pino,5.738095751638944,-0.9659190912950285,2.3860883301719578,4
2022-05-01,estepa,12.146350588482814,2.1768034351145342,7.161577011798674,5
2022-05-01,pino,9.742840542623693,2.812261617900199,6.277551080261945,5
2022-05-09,estepa,10.919249363867713,-0.6206711195928505,5.149289122137431,5
2022-05-09,pino,9.042485370051667,0.19790361445785878,4.620194492254763,5
2022-05-17,estepa,8.26299300254456,-1.2486548312042292,3.5071690856701654,5
2022-05-17,pino,6.864278829604162,-1.4557128550029308,2.7042829873006156,5
2022-05-25,estepa,2.2400909310104513,-6.729369197688354,-2.2446391333389513,5
2022-05-25,pino,0.7669273016552435,-6.530471600688442,-2.881772149516599,5
2022-06-02,estepa,4.399783495376272,-4.103498727735339,0.14814238382046652,6
2022-06-02,pino,3.583280727578685,-3.70925301204817,-0.06298614223474241,6
2022-06-10,estepa,5.123376749060208,-2.3547773536895393,1.3842996976853343,6
2022-06-10,pino,4.5437582794948215,-1.1441273666092668,1.6998154564427774,6
2022-06-18,estepa,-0.0932750692091836,-5.951001908396922,-3.0221384888030527,6
2022-06-18,pino,0.301508493601769,-5.69964888123922,-2.6990701938187254,6
2022-06-26,estepa,-0.07932888040709685,-5.49916666666664,-2.7892477735368684,6
2022-06-26,pino,-0.45207573149739255,-5.348395869191021,-2.900235800344207,6
2022-07-04,estepa,-1.9786768447836862,-6.759106234096666,-4.368891539440176,7
2022-07-04,pino,-1.7556660929431749,-6.443865748709099,-4.099765920826137,7
2022-07-12,estepa,-1.7904961832060764,-8.36532124681931,-5.077908715012693,7
2022-07-12,pino,-1.9911027158664536,-7.638640275387238,-4.8148714956268455,7
2022-07-20,estepa,0.011077390954918748,-2.178960518158657,-1.083941563601869,7
2022-07-20,pino,2.077028104440352,-3.4544155213604677,-0.688693708460058,7
2022-07-28,estepa,2.7180407124682215,-3.9926240458015028,-0.6372916666666406,7
2022-07-28,pino,2.33701549053359,-3.470860585197906,-0.5669225473321582,7
2022-08-05,estepa,3.113013893646893,-5.322519083969437,-1.1047525951612722,8
2022-08-05,pino,2.0721245449858867,-4.362733218588607,-1.1453043368013602,8
2022-08-13,estepa,3.7882283715012983,-4.340502544529235,-0.2761370865139683,8
2022-08-13,pino,2.130551025967251,-4.1690154905335355,-1.0192322322831422,8
2022-08-21,estepa,7.768260178117078,-2.098066157760784,2.835097010178147,8
2022-08-21,pino,7.042309810671285,-1.5638726333906785,2.7392185886403033,8
2022-08-29,estepa,13.726093904629579,-1.7585846055979333,5.983754649515823,8
2022-08-29,pino,11.190330464716036,-0.4307607573149418,5.379784853700547,8
2022-09-06,estepa,14.869274809160332,-1.260543896263401,6.8043654564484655,9
2022-09-06,pino,11.565521514629975,-0.5326746987951547,5.51642340791741,9
2022-09-14,estepa,10.867689265615926,-3.4560773408304426,3.7058059623927417,9
2022-09-14,pino,8.773008124118402,-2.54510519410355,3.1139514650074256,9
2022-09-22,estepa,19.81720737913489,-1.3748505089058234,9.221178435114533,9
2022-09-22,pino,15.914640275387297,0.11911531841655076,8.016877796901923,9
2022-09-30,estepa,22.013365139949137,1.4481520356234385,11.730758587786287,9
2022-09-30,pino,18.792870912220344,1.525466437177308,10.159168674698826,9
2022-10-08,estepa,19.544341603053464,-0.20750636132312955,9.668417620865167,10
2022-10-08,pino,16.201029259896757,-0.1204406196213161,8.04029432013772,10
2022-10-16,estepa,28.26805343511453,3.0845992366412545,15.676326335877892,10
2022-10-16,pino,24.70375559380382,3.760843373494005,14.232299483648912,10
2022-10-24,estepa,22.652716284987306,0.4830438931297991,11.567880089058553,10
2022-10-24,pino,19.147641996557688,0.5534354561101829,9.850538726333935,10
2022-11-01,estepa,34.44008587786263,6.304646946564916,20.372366412213772,11
2022-11-01,pino,30.356867469879546,7.456120481927744,18.906493975903643,11
2022-11-09,estepa,28.731132315521656,6.245839694656521,17.488486005089086,11
2022-11-09,pino,25.025015490533594,6.436495697074038,15.730755593803817,11
2022-11-17,estepa,32.813492366412234,6.206383587786286,19.50993797709926,11
2022-11-17,pino,28.045869191049945,6.138099827882989,17.091984509466467,11
2022-11-25,estepa,35.90513994910944,9.119309796437683,22.51222487277356,11
2022-11-25,pino,31.168079173838244,9.501005163511222,20.334542168674734,11
2022-12-03,estepa,30.895054071246847,7.8431774809160615,19.369115776081454,12
2022-12-03,pino,25.704746987951832,7.56760757314977,16.6361772805508,12
2022-12-11,estepa,33.84326017811707,8.073807251908423,20.95853371501275,12
2022-12-11,pino,28.80311876075735,7.980523235800375,18.391820998278863,12
2022-12-19,estepa,35.32671755725194,8.175000000000027,21.750858778625982,12
2022-12-19,pino,30.35976592082619,8.78882960413084,19.574297762478515,12
2022-12-27,estepa,37.192388676844814,8.597280534351171,22.894834605597993,12
2022-12-27,pino,31.89696041308093,8.452079173838243,20.174519793459588,12
2023-01-01,estepa,38.971879770992395,10.48377544529265,24.727827608142523,1
2023-01-01,pino,34.105611015490574,10.789036144578343,22.447323580034457,1
2023-01-09,estepa,36.524437022900784,8.260760178117074,22.39259860050893,1
2023-01-09,pino,30.919604130808985,7.954254733218617,19.4369294320138,1
2023-01-17,estepa,37.29799618320613,10.880709287531836,24.089352735368983,1
2023-01-17,pino,32.75791049913944,11.384802065404507,22.071356282271974,1
2023-01-25,estepa,37.12705152671758,9.66429071246822,23.3956711195929,1
2023-01-25,pino,32.40114285714289,9.599597246127395,21.00037005163514,1
2023-02-02,estepa,40.14538486005091,13.205327608142525,26.675356234096718,2
2023-02-02,pino,34.995638554216896,13.71531153184168,24.355475043029287,2
2023-02-10,estepa,31.062127862595442,8.019917302799007,19.541022582697224,2
2023-02-10,pino,26.925944922547373,7.84550086058523,17.385722891566303,2
2023-02-18,estepa,33.16541348600512,8.556125954198498,20.86076972010181,2
2023-02-18,pino,28.607635111876114,9.167173838210017,18.887404475043066,2
2023-02-26,estepa,32.9828307888041,9.030817430025472,21.006824109414787,2
2023-02-26,pino,28.018017211703988,9.883287435456142,18.950652323580066,2
2023-03-06,estepa,27.97406170483464,10.586730279898251,19.280395992366444,3
2023-03-06,pino,25.022939759036184,10.871955249569737,17.94744750430296,3
2023-03-14,estepa,28.35330152671758,6.757172391857537,17.55523695928756,3
2023-03-14,pino,24.098839931153226,7.661380378657517,15.88011015490537,3
2023-03-22,estepa,28.61624363867687,6.811917938931326,17.714080788804097,3
2023-03-22,pino,24.89666781411363,8.021555938037897,16.459111876075763,3
2023-03-30,estepa,22.87707061068705,3.572840330788833,13.22495547073794,3
2023-03-30,pino,19.570471600688503,4.8203889845094965,12.195430292599,3
2023-04-07,estepa,18.884544568208995,3.6524141221374364,11.268479345173215,4
2023-04-07,pino,16.841858962416204,4.575617900172148,10.708738431294176,4
2023-04-15,estepa,18.543374681933873,2.952000636132344,10.747687659033108,4
2023-04-15,pino,15.704540447504336,3.7945920826162096,9.749566265060272,4
2023-04-23,estepa,18.23359414758273,3.127220101781202,10.680407124681965,4
2023-04-23,pino,16.04932185886407,4.371762478485402,10.210542168674735,4
2023-05-01,estepa,12.644223918575094,1.2340744274809476,6.939149173028021,5
2023-05-01,pino,10.774179001721198,1.7501686746988294,6.262173838210013,5
2023-05-09,estepa,14.264802798982213,2.1199300254453197,8.192366412213767,5
2023-05-09,pino,13.132137693631694,3.4370258175559645,8.28458175559383,5
2023-05-17,estepa,7.903657760814276,-0.445842875318035,3.728907442748121,5
2023-05-17,pino,6.508123924268533,-0.15451290877794,3.1768055077452964,5
2023-05-25,estepa,5.280791865895727,0.9110390198224434,3.095915442859085,5
2023-05-25,pino,4.252379784137649,-0.014507008034501556,2.1189363880515737,5
2023-06-02,estepa,4.492897582697231,-0.657980279898194,1.9174586513995187,6
2023-06-02,pino,3.84538541575506,-0.6670361445782825,1.5891746355883887,6
2023-06-10,estepa,1.8976558524173335,-5.805515267175545,-1.9539297073791055,6
2023-06-10,pino,1.187913941480237,-4.954282809539684,-1.8831844340297237,6
2023-06-18,estepa,4.586139179170387,-3.581660305343487,0.5022394369134502,6
2023-06-18,pino,3.8206732972387645,-3.192557659208229,0.31405781901526764,6
2023-06-26,estepa,3.705443995941802,-0.5319502529677615,1.5867468714870203,6
2023-06-26,pino,3.4968446525730688,-0.3097969018932545,1.593523875339907,6
2023-07-04,estepa,2.916847964376615,-3.544624681933816,-0.31388835877860033,7
2023-07-04,pino,1.5027125645439159,-3.6782340791738117,-1.087760757314948,7
2023-07-12,estepa,0.5836650127226681,-5.944631043256969,-2.6804830152671504,7
2023-07-12,pino,-0.22920137693628906,-5.565700516351096,-2.8974509466436924,7
2023-07-20,estepa,3.784117384653875,-2.261630491725371,0.7612434464642521,7
2023-07-20,pino,2.281119251060685,-2.1113459552495386,0.08488664790557321,7
2023-07-28,estepa,7.317659033078911,-1.4707379134859742,2.9234605597964682,7
2023-07-28,pino,6.287838209982816,-1.1025094664371509,2.5926643717728326,7
2023-08-05,estepa,7.507350940044151,-2.589611959287506,2.4588694903783224,8
2023-08-05,pino,6.032912220309839,-1.5180516351118498,2.2574302925989946,8
2023-08-13,estepa,5.869315028531879,0.2776876590331064,3.073501343782493,8
2023-08-13,pino,4.951951102756004,-0.1425679862306046,2.4046915582626998,8
2023-08-21,estepa,4.461704834605628,-4.9674904580152415,-0.2528928117048066,8
2023-08-21,pino,3.225659208261645,-4.230967297762453,-0.5026540447504038,8
2023-08-29,estepa,7.05910073851577,-3.4034949959792504,1.82780287126826,8
2023-08-29,pino,5.06191394148024,-3.9686815834767377,0.5466161790017512,8
2023-09-06,estepa,7.264233285026621,-2.547021835119679,2.358605724953471,9
2023-09-06,pino,4.1442232066629305,-2.2523235800344006,0.945949813314265,9
2023-09-14,estepa,9.049526081424965,-3.1974491094147313,2.9260384860051167,9
2023-09-14,pino,6.310756914733265,-3.31652667814111,1.4971151182960774,9
2023-09-22,estepa,16.028756361323186,-0.6166380407124392,7.706059160305373,9
2023-09-22,pino,12.821373493975937,-0.6596006884681272,6.0808864027539045,9
2023-09-30,estepa,17.609039440203595,-0.12242048346053225,8.74330947837153,9
2023-09-30,pino,14.063397590361479,0.14848537005166362,7.105941480206571,9
2023-10-08,estepa,21.22894402035626,0.15579516539442906,10.692369592875345,10
2023-10-08,pino,17.500650602409667,0.5914113597246415,9.046030981067155,10
2023-10-16,estepa,27.00360368956745,2.930677480916058,14.967140585241753,10
2023-10-16,pino,22.37165576592085,3.534884681583505,12.953270223752178,10
2023-10-24,estepa,27.975162213740486,2.983552798982222,15.479357506361353,10
2023-10-24,pino,23.233325301204847,3.576402753872663,13.404864027538755,10
2023-11-01,estepa,21.29531806615779,2.5901399491094432,11.942729007633616,11
2023-11-01,pino,17.608320137693664,2.785913941480235,10.19711703958695,11
2023-11-09,estepa,23.086991094147614,1.9244115776081712,12.505701335877893,11
2023-11-09,pino,20.3858864027539,1.661838209982819,11.02386230636836,11
2023-11-17,estepa,24.165276717557283,3.4615585241730606,13.813417620865172,11
2023-11-17,pino,19.623738382099862,3.8882650602409883,11.756001721170426,11
2023-11-25,estepa,28.415458015267202,6.527105597964402,17.471281806615803,11
2023-11-25,pino,24.768251290877824,7.317800344234111,16.043025817555968,11
2023-12-03,estepa,31.52947201017814,6.004920483460591,18.767196246819367,12
2023-12-03,pino,26.591624784853735,6.335342512908808,16.463483648881272,12
2023-12-11,estepa,29.05293256997458,5.52773218829519,17.290332379134885,12
2023-12-11,pino,24.424488812392468,4.934395869191077,14.679442340791773,12
2023-12-19,estepa,34.08914122137407,8.407181933842265,21.24816157760817,12
2023-12-19,pino,28.789535283993146,8.45478141135976,18.622158347676454,12
2023-12-27,estepa,35.46146946564889,11.452563613231584,23.457016539440236,12
2023-12-27,pino,30.241197934595554,11.80686058519796,21.024029259896757,12
2024-01-01,estepa,34.74778944020359,9.50353689567433,22.12566316793896,1
2024-01-01,pino,29.578757314974215,9.679765920826188,19.6292616179002,1
2024-01-09,estepa,33.56062340966923,7.838018447837179,20.699320928753206,1
2024-01-09,pino,27.964705679862348,7.6975765920826476,17.831141135972498,1
2024-01-17,estepa,38.59439567430029,11.86950381679392,25.231949745547105,1
2024-01-17,pino,33.393483648881265,12.252179001721203,22.822831325301234,1
2024-01-25,estepa,36.75014312977102,12.458775445292654,24.604459287531835,1
2024-01-25,pino,31.973142857142882,12.819139414802098,22.396141135972492,1
2024-02-02,estepa,34.26671437659036,11.577859414758297,22.922286895674326,2
2024-02-02,pino,29.584691910499167,11.584086058519828,20.5843889845095,2
2024-02-10,estepa,35.19386132315525,11.419545165394437,23.306703244274843,2
2024-02-10,pino,30.948564543889873,11.564987951807261,21.256776247848567,2
2024-02-18,estepa,32.96031170483462,10.651084605597987,21.805698155216305,2
2024-02-18,pino,29.04791394148024,10.882024096385571,19.964969018932905,2
2024-02-26,estepa,30.029837786259566,7.768222010178146,18.899029898218856,2
2024-02-26,pino,25.200227194492285,7.972413080895038,16.58632013769366,2
2024-03-05,estepa,26.45232824427484,7.770003180661604,17.11116571246822,3
2024-03-05,pino,22.485432013769397,7.841098106712595,15.163265060240995,3
2024-03-13,estepa,21.903778625954217,4.285209923664155,13.094494274809186,3
2024-03-13,pino,17.521015490533596,4.270347676419992,10.895681583476794,3
2024-03-21,estepa,22.939312977099263,5.880244910941508,14.409778944020385,3
2024-03-21,pino,20.27291222030985,6.1892977624785175,13.231104991394183,3
2024-03-29,estepa,18.707388676844815,3.8834223918575406,11.295405534351177,3
2024-03-29,pino,15.748000000000026,3.8399793459552836,9.793989672977656,3
2024-04-06,estepa,15.524923664122165,3.369783715012752,9.447353689567459,4
2024-04-06,pino,13.546271944922577,3.3208158347676737,8.433543889845126,4
2024-04-14,estepa,14.972636768447867,3.257175572519114,9.11490617048349,4
2024-04-14,pino,12.508141135972494,4.253394148020683,8.380767641996588,4
2024-04-22,estepa,8.813062977099264,0.2803466921119899,4.546704834605627,4
2024-04-22,pino,7.424296041308118,0.5496419965576861,3.986969018932902,4
2024-04-30,estepa,3.526587264150979,-3.246404853900484,0.14009120512524742,4
2024-04-30,pino,3.2132188052458286,-3.517076118704775,-0.1519286567294733,4
2024-05-08,estepa,4.367536747794001,-4.33993921069227,0.013798768550865592,5
2024-05-08,pino,2.6312838453263554,-3.9445254046894926,-0.6566207796815686,5
2024-05-16,estepa,4.878385720353557,-3.0927300391122734,0.8928278406206418,5
2024-05-16,pino,3.933677347452711,-2.359932066021401,0.786872640715655,5
2024-05-24,estepa,5.420058980642883,-0.16587036068513858,2.6270943099788724,5
2024-05-24,pino,3.9871396991983947,-0.169964317140119,1.908587691029138,5
2024-06-01,estepa,4.415514859022474,-1.0576124169366579,1.6789512210429083,6
2024-06-01,pino,3.1888044499294494,0.05565270879972439,1.622228579364587,6
2024-06-09,estepa,5.058665538322538,-0.45827070018933563,2.3001974190666012,6
2024-06-09,pino,5.463812702027889,0.0982054008706076,2.7810090514492485,6
2024-06-17,estepa,-2.119378213592895,-5.104729643765878,-3.6120539286793862,6
2024-06-17,pino,-1.9573769363166675,-4.934802065404453,-3.4460895008605603,6
2024-06-25,estepa,0.6033092995034521,-4.6493447837149855,-2.0230177421057665,6
2024-06-25,pino,-0.1711258197632095,-4.06587263339068,-2.1184992265769447,6
2024-07-03,estepa,0.5848187022901059,-6.157760814249331,-2.7864710559796126,7
2024-07-03,pino,-0.9060929432013439,-6.087700516351093,-3.4968967297762186,7
2024-07-11,estepa,3.3185178117048637,-3.9617620865139695,-0.3216221374045529,7
2024-07-11,pino,2.6505266781411696,-3.1183511187607307,-0.23391222030978054,7
2024-07-19,estepa,4.274583333333365,-2.4162340966920883,0.9291746183206384,7
2024-07-19,pino,3.1836833046471886,-1.7805576592082315,0.7015628227194786,7
2024-07-27,estepa,2.6197614503817066,-6.016520356234066,-1.6983794529261798,7
2024-07-27,pino,1.4823029259897003,-5.2942065404474805,-1.9059518072288901,7
2024-08-04,estepa,4.12623769245475,-5.855566157760795,-0.8646642326530225,8
2024-08-04,pino,3.573783656056092,-5.320719449225451,-0.8734678965846796,8
2024-08-12,estepa,6.455222646310463,-2.7268416030534084,1.8641905216285273,8
2024-08-12,pino,5.212072289156655,-2.14162134251288,1.5352254733218875,8
2024-08-20,estepa,7.17171119592878,-4.069103053435081,1.5513040712468493,8
2024-08-20,pino,5.676547332185919,-3.2814285714285454,1.1975593803786868,8
2024-08-28,estepa,11.591361323155242,-1.4190617048345735,5.086149809160334,8
2024-08-28,pino,9.019714285714317,-0.4322753872633064,4.293719449225505,8
2024-09-05,estepa,11.287620865139976,-0.6068352417302546,5.340392811704861,9
2024-09-05,pino,8.825118760757348,-0.6936660929431744,4.065726333907087,9
2024-09-13,estepa,13.777515903307911,-0.6866730279897938,6.5454214376590585,9
2024-09-13,pino,9.961462994836516,0.011191049913971907,4.986327022375244,9
2024-09-21,estepa,9.269411024308958,-3.10217239185748,3.083619316225739,9
2024-09-21,pino,7.334247848537032,-2.4451497418244106,2.444549053356311,9
2024-09-29,estepa,15.955903307888065,-1.8676431297709657,7.04413008905855,9
2024-09-29,pino,12.882860585197962,-0.9339483648880972,5.974456110154932,9
2024-10-07,estepa,21.46778625954201,3.1942430025445576,12.331014631043283,10
2024-10-07,pino,18.739018932874394,3.7749156626506353,11.256967297762515,10
2024-10-15,estepa,24.670359414758295,3.0438486005089325,13.857104007633614,10
2024-10-15,pino,20.767259896729804,3.901094664371801,12.334177280550803,10
2024-10-23,estepa,28.329522900763386,4.753253816793922,16.541388358778654,10
2024-10-23,pino,23.859218588640303,5.577108433734971,14.718163511187637,10
2024-10-31,estepa,25.03084605597967,3.2545260814249657,14.142686068702318,10
2024-10-31,pino,21.52365920826165,3.597029259896763,12.560344234079206,10
2024-11-08,estepa,22.135944656488583,3.6337977099236913,12.884871183206137,11
2024-11-08,pino,18.255738382099864,3.5841858864027865,10.919962134251325,11
2024-11-16,estepa,27.741405852417323,4.440470737913519,16.090938295165422,11
2024-11-16,pino,23.381370051635145,4.913339070568016,14.14735456110158,11
2024-11-24,estepa,26.526459923664156,4.0726463104326,15.299553117048378,11
2024-11-24,pino,21.428075731497447,4.045666092943234,12.73687091222034,11
2024-12-02,estepa,29.914701017811737,3.399297073791379,16.65699904580156,12
2024-12-02,pino,24.646388984509496,3.0335628227194773,13.839975903614487,12
2024-12-10,estepa,33.46856234096695,8.124529262086547,20.796545801526747,12
2024-12-10,pino,28.121869191049953,8.253108433734972,18.187488812392463,12
2024-12-18,estepa,33.443164758269745,8.186682569974582,20.814923664122162,12
2024-12-18,pino,28.399993115318445,8.27189328743549,18.335943201376967,12
2024-12-26,estepa,36.24651717557255,12.394736005089086,24.320626590330818,12
2024-12-26,pino,30.857098106712606,12.897005163511219,21.87705163511191,12
